topic,velocity,spread,velocity_norm,spread_norm,trend_score
-1,28,2,1.0,1.0,1.0
3,12,2,0.42857142857142855,1.0,0.6571428571428571
2,8,2,0.2857142857142857,1.0,0.5714285714285714
1,15,1,0.5357142857142857,0.5,0.5214285714285714
0,3,2,0.10714285714285714,1.0,0.4642857142857143
